ファイルパス,タイトル,タイトルの日本語訳
_posts/2025-12-26-5-terminal-commands-that-saved-me-hours-of-clickin.md,5 Terminal Commands That Saved Me Hours of Clicking,クリックの時間を数時間節約してくれた5つのターミナルコマンド
_posts/2025-12-26-52-years-later-only-known-copy-of-unix-v4-recovere.md,"52 years later, only known copy of Unix v4 recovered from randomly found tape,",52年後、偶然見つかったテープからUnix v4の唯一知られているコピーが復元される
_posts/2025-12-26-7-lies-developers-keep-telling-themselves-and-some.md,7 Lies Developers Keep Telling Themselves (And Somehow Still Believe),開発者が自分自身に言い聞かせ続け（そしてなぜかまだ信じている）7つの嘘
_posts/2025-12-26-ace-a-tiny-experimental-language-function-calls-as.md,ACE - a tiny experimental language (function calls as effects),ACE - 極小の実験的言語（エフェクトとしての関数呼び出し）
_posts/2025-12-26-activist-group-says-it-has-scraped-86m-music-files.md,Activist group says it has scraped 86m music files from Spotify,活動家グループ、Spotifyから8600万の音楽ファイルをスクレイピングしたと発表
_posts/2025-12-26-ai-data-centers-may-soon-be-powered-by-retired-nav.md,AI data centers may soon be powered by retired Navy nuclear reactors from aircraft,AIデータセンター、間もなく退役した海軍の空母用原子炉で稼働する可能性
_posts/2025-12-26-ai-faces-closing-time-at-the-cash-buffet.md,AI faces closing time at the cash buffet,AI、現金バッフェの閉店時間に直面
_posts/2025-12-26-all-brakes-are-off-russias-attempt-to-rein-in-illi.md,‘All brakes are off’: Russia’s attempt to rein in illicit market for leaked,「すべてのブレーキが外れた」：流出データの不法市場を抑制しようとするロシアの試み
_posts/2025-12-26-an-11-qubit-atom-processor-in-silicon-with-all-fid.md,An 11-qubit atom processor in silicon with all fidelities from 99.10% to 99.99%,99.10%から99.99%のフィデリティを持つシリコン内の11量子ビット原子プロセッサ
_posts/2025-12-26-ancient-greek-geometry.md,Ancient Greek geometry,古代ギリシャの幾何学
_posts/2025-12-26-animating-quines-for-larva-labs.md,Animating Quines for Larva Labs,Larva Labsのためのクワインのアニメーション化
_posts/2025-12-26-are-two-heads-better-than-one.md,Are Two Heads Better Than One?,三人寄れば文殊の知恵（二つの頭は一つより優れているか？）
_posts/2025-12-26-asus-rog-laptops-are-broken-by-design-a-forensic-d.md,ASUS ROG Laptops are Broken by Design: A Forensic Deep Dive,ASUS ROGノートパソコンは設計上壊れている：フォレンジックな深掘り
_posts/2025-12-26-automating-what-backblaze-lifecycle-rules-dont-do.md,Automating What Backblaze Lifecycle Rules Don't Do Instantly,Backblazeのライフサイクルルールが即座に行わないことの自動化
_posts/2025-12-26-beautiful-reprs.md,Beautiful reprs,美しいrepr（表現）
_posts/2025-12-26-building-an-ai-agent-inside-a-7-year-old-rails-mon.md,Building an AI agent inside a 7-year-old Rails monolith,7年前のRailsモノリス内にAIエージェントを構築する
_posts/2025-12-26-chatgpt-conversations-still-lack-timestamps-after.md,ChatGPT conversations still lack timestamps after years of requests,ChatGPTの会話には、長年の要望にもかかわらず依然としてタイムスタンプがない
_posts/2025-12-26-china-aims-for-15-gigawatts-of-solar-thermal-power.md,China Aims for 15 Gigawatts of Solar Thermal Power by 2030,中国、2030年までに15ギガワットの太陽熱発電を目指す
_posts/2025-12-26-china-debuts-worlds-first-million-ton-hydrogen-ele.md,China debuts 'world’s first' million-ton hydrogen-electric steel line,中国、「世界初」の100万トン級水素電気製鉄ラインを公開
_posts/2025-12-26-clair-obscur-expedition-33-director-guillaume-brio.md,"Clair Obscur: Expedition 33 director Guillaume Brioche admits Sandfall ""tried",Clair Obscur: Expedition 33のディレクターGuillaume Brioche氏、Sandfallが「試みた」ことを認める
_posts/2025-12-26-code-mode-doesnt-replace-mcp-heres-what-it-actuall.md,Code Mode Doesn't Replace MCP (Here's What It Actually Does),コードモードはMCPを置き換えるものではない（実際に行うことはこちら）
_posts/2025-12-26-codex-vs-claude-code-today.md,Codex vs. Claude Code (today),Codex vs. Claude Code（現在）
_posts/2025-12-26-congrats-to-the-winners-of-the-ai-challenge-for-cr.md,Congrats to the Winners of the AI Challenge for Cross-Platform Apps!,クロスプラットフォームアプリ向けAIチャレンジの勝者の皆さん、おめでとうございます！
_posts/2025-12-26-cuda-tile-open-sourced.md,CUDA Tile Open Sourced,CUDA Tileがオープンソース化
_posts/2025-12-26-data-centres-the-new-tech-stopping-chips-from-over.md,Data centres: The new tech stopping chips from overheating,データセンター：チップの過熱を防ぐ新技術
_posts/2025-12-26-dating-in-the-age-of-the-algorithm-dating-apps-hav.md,Dating in the Age of the Algorithm : Dating apps have transformed intimacy,アルゴリズム時代のデート：デートアプリが親密さを変えた
_posts/2025-12-26-dell-top-sales-exec-doubles-down-on-40-hour-rto-fo.md,"Dell top sales exec doubles down on 40-hour RTO for sales team after ""end-of-day",Dellの営業トップ、営業チームへの週40時間出社（RTO）を再確認
_posts/2025-12-26-developed-using-reactvite.md,Developed using react+vite,react+viteを使用して開発
_posts/2025-12-26-dji-drone-ban-has-started-in-the-us-but-it-wont-ha.md,"DJI drone ban has started in the US, but it won't happen overnight",米国でDJIドローン禁止が開始されたが、一晩で起こるわけではない
_posts/2025-12-26-drawing-with-zero-width-characters.md,Drawing with zero-width characters,ゼロ幅文字で描画する
_posts/2025-12-26-electronic-arts-shareholders-approve-55-billion-sa.md,Electronic Arts Shareholders Approve $55 Billion Sale to Saudis,エレクトロニック・アーツの株主、サウジアラビアへの550億ドルの売却を承認
_posts/2025-12-26-experts-explore-new-mushroom-which-causes-fairytal.md,Experts Explore New Mushroom Which Causes Fairytale-Like Hallucinations,専門家、おとぎ話のような幻覚を引き起こす新しいキノコを調査
_posts/2025-12-26-fahrplan-39c3.md,Fahrplan – 39C3,スケジュール – 39C3
_posts/2025-12-26-ffmpeg-has-issued-a-dmca-takedown-on-github.md,FFmpeg has issued a DMCA takedown on GitHub,FFmpegがGitHubでDMCA削除要請を発行
_posts/2025-12-26-free-streaming-service-tubi-is-rivaling-major-play.md,Free streaming service Tubi is rivaling major players for viewership. Here's,無料ストリーミングサービスのTubiが視聴者数で主要プレイヤーに匹敵。その理由は
_posts/2025-12-26-from-genin-to-kage-understanding-the-test-pyramid.md,From Genin to Kage - Understanding the Test Pyramid with Naruto,下忍から火影へ - NARUTOで理解するテストピラミッド
_posts/2025-12-26-from-idea-to-launch-how-developers-can-build-succe.md,From Idea to Launch: How Developers Can Build Successful Startups,アイデアからローンチまで：開発者が成功するスタートアップを構築する方法
_posts/2025-12-26-gaussian-splatting-3-ways.md,Gaussian Splatting 3 Ways,ガウシアンスプラッティングの3つの方法
_posts/2025-12-26-geometric-algorithms-for-translucency-sorting-in-m.md,Geometric Algorithms for Translucency Sorting in Minecraft [pdf],Minecraftにおける半透明ソートのための幾何学的アルゴリズム [pdf]
_posts/2025-12-26-gibberish-a-new-style-of-parser-combinator-with-ro.md,Gibberish - A new style of parser-combinator with robust error handling built,Gibberish - 堅牢なエラー処理を組み込んだ新しいスタイルのパーサーコンビネータ
_posts/2025-12-26-gleam-v114-the-happy-holidays-release-2025.md,Gleam v1.14 - the happy holidays release 2025,Gleam v1.14 - ハッピーホリデーリリース 2025
_posts/2025-12-26-global-memory-shortage-could-disrupt-smartphone-an.md,Global memory shortage could disrupt smartphone and PC markets in 2026: IDC,世界的なメモリ不足、2026年のスマートフォンおよびPC市場を混乱させる可能性：IDC
_posts/2025-12-26-gnu-mes-and-the-module-system.md,GNU Mes and the module system,GNU Mesとモジュールシステム
_posts/2025-12-26-google-is-allowing-users-to-change-their-gmail-add.md,"Google is allowing users to change their Gmail address, per official Google",Google、ユーザーがGmailアドレスを変更することを許可（公式発表）
_posts/2025-12-26-google-is-rolling-out-a-new-feature-allowing-users.md,Google is rolling out a new feature allowing users to change their Gmail address,Google、ユーザーがGmailアドレスを変更できる新機能を展開中
_posts/2025-12-26-high-school-student-discovers-15m-potential-new-as.md,High School Student Discovers 1.5M Potential New Astronomical Objects,高校生、150万個の潜在的な新しい天体を発見
_posts/2025-12-26-how-the-internet-left-4chan-behind-the-anonymous-f.md,How the Internet Left 4chan Behind | The anonymous forum thrived when edgelord,インターネットはいかにして4chanを置き去りにしたか | 匿名掲示板がエッジロード（過激派）で賑わっていた頃
_posts/2025-12-26-how-uv-got-so-fast.md,How uv got so fast,uvはいかにしてこれほど速くなったのか
_posts/2025-12-26-how-versioned-cache-keys-can-save-you-during-rolli.md,How Versioned Cache Keys Can Save You During Rolling Deployments,バージョン管理されたキャッシュキーがローリングデプロイ中にあなたを救う方法
_posts/2025-12-26-i-think-about-kubernetes.md,I Think about Kubernetes,Kubernetesについて考える
_posts/2025-12-26-joan-didion-and-kurt-vonnegut-had-something-to-say.md,Joan Didion and Kurt Vonnegut had something to say. We have it on tape,ジョーン・ディディオンとカート・ヴォネガットには言いたいことがあった。それをテープに収めている
_posts/2025-12-26-kara-swisher-were-in-an-eat-the-rich-moment.md,Kara Swisher: We're in an 'Eat the Rich' Moment,カーラ・スウィッシャー：私たちは「富裕層を食い尽くせ」という瞬間にいる
_posts/2025-12-26-leaker-who-apple-is-suing-says-screw-it-heres-the.md,"Leaker Who Apple Is Suing Says 'Screw It,' Here's the Foldable iPhone Early",Appleに訴えられているリーカーが「もういいや」と折りたたみiPhoneを早期公開
_posts/2025-12-26-learnixos.md,LearnixOS,LearnixOS
_posts/2025-12-26-lewis-carroll-computed-determinants.md,Lewis Carroll Computed Determinants,ルイス・キャロルが計算した行列式
_posts/2025-12-26-logging-sucks-and-heres-how-to-make-it-better.md,Logging Sucks - And here's how to make it better.,ロギングは最悪だ - そして、それを改善する方法
_posts/2025-12-26-maestro-desktop-ai-agent-command-center-freeoss.md,Maestro - Desktop AI Agent Command Center (Free/OSS),Maestro - デスクトップAIエージェントコマンドセンター（無料/OSS）
_posts/2025-12-26-make-your-pr-process-resilient-to-ai-slop.md,Make your PR process resilient to AI slop,PRプロセスをAIの「スロップ（ゴミ）」に耐性のあるものにする
_posts/2025-12-26-manitoba-premier-uses-ai-to-make-homemade-ojibwa-t.md,Manitoba premier uses AI to make homemade Ojibwa translator,マニトバ州首相、AIを使って自家製のオジブワ語翻訳機を作成
_posts/2025-12-26-marsha-blackburn-bundles-every-bad-tech-bill-into.md,"Marsha Blackburn Bundles Every Bad Tech Bill Into One, Slaps the President's Name On It",マーシャ・ブラックバーン、すべての悪い技術法案を一つにまとめ、大統領の名前を冠する
_posts/2025-12-26-maybe-the-default-settings-are-too-high.md,Maybe the default settings are too high,おそらくデフォルト設定が高すぎる
_posts/2025-12-26-mean-time-to-understanding-the-irreducible-human-e.md,Mean Time to Understanding 🤔: The Irreducible Human Element in the Age of,理解までの平均時間 🤔：AI時代における還元不可能な人間的要素
_posts/2025-12-26-microsoft-is-finally-killing-rc4.md,Microsoft Is Finally Killing RC4,Microsoft、ついにRC4を廃止
_posts/2025-12-26-minimax-m21-built-for-real-world-complex-tasks-mul.md,"MiniMax M2.1: Built for Real-World Complex Tasks, Multi-Language Programming",MiniMax M2.1：現実世界の複雑なタスク、多言語プログラミング向けに構築
_posts/2025-12-26-mongobleed.md,MongoBleed,MongoBleed
_posts/2025-12-26-my-insulin-pump-controller-uses-the-linux-kernel-i.md,My insulin pump controller uses the Linux kernel. It also violates the GPL,私のインスリンポンプコントローラーはLinuxカーネルを使用している。そしてGPLにも違反している
_posts/2025-12-26-new-york-to-require-social-media-platforms-to-disp.md,New York to require social media platforms to display mental health warnings,ニューヨーク州、ソーシャルメディアプラットフォームにメンタルヘルス警告の表示を義務付けへ
_posts/2025-12-26-one-formula-that-demystifies-3d-graphics.md,One Formula That Demystifies 3D Graphics,3Dグラフィックスの謎を解き明かす一つの公式
_posts/2025-12-26-package-managers-keep-using-git-as-a-database-it-n.md,"Package managers keep using git as a database, it never works out",パッケージマネージャーがgitをデータベースとして使い続けているが、決してうまくいかない
_posts/2025-12-26-paperbacks-and-tiktok.md,Paperbacks and TikTok,ペーパーバックとTikTok
_posts/2025-12-26-phoenix-a-modern-x-server-written-from-scratch-in.md,phoenix - A modern X server written from scratch in Zig,phoenix - Zigでゼロから書かれたモダンなXサーバー
_posts/2025-12-26-plant-identifier-amp-health-scan-app.md,Plant Identifier &amp; health scan app,植物識別＆健康スキャンアプリ
_posts/2025-12-26-play-the-monty-hall-game.md,Play the Monty Hall game,モンティ・ホール・ゲームをプレイする
_posts/2025-12-26-python-315s-interpreter-for-windows-x86-64-should.md,Python 3.15’s interpreter for Windows x86-64 should hopefully be 15% faster,Windows x86-64向けのPython 3.15インタープリタは、15%高速化される見込み
_posts/2025-12-26-ratings-tank-for-kennedy-center-honors-with-us-pre.md,Ratings Tank For Kennedy Center Honors With US President as Host,米国大統領がホストを務めたケネディ・センター名誉賞の視聴率が急落
_posts/2025-12-26-released-kc3-v0116.md,Released KC3 v0.1.16,KC3 v0.1.16がリリース
_posts/2025-12-26-rob-pike-goes-nuclear-over-genai.md,Rob Pike Goes Nuclear over GenAI,ロブ・パイク、生成AIに対して激怒
_posts/2025-12-26-rob-pike-got-spammed-with-an-ai-slop-act-of-kindne.md,"Rob Pike got spammed with an AI slop ""act of kindness",ロブ・パイク、AIによる「親切心」という名のゴミ（slop）を送りつけられる
_posts/2025-12-26-robocop-breaking-the-law-h0ffman-cracks-robocop-ar.md,RoboCop – Breaking The Law. H0ffman Cracks RoboCop Arcade from DataEast,ロボコップ – 法を破る。H0ffmanがデータイーストのロボコップ・アーケードをクラック
_posts/2025-12-26-ruby-400-released-ruby.md,Ruby 4.0.0 Released | Ruby,Ruby 4.0.0がリリースされました | Ruby
_posts/2025-12-26-russian-enthusiasts-are-planning-to-build-their-ow.md,Russian enthusiasts are planning to build their own DDR5 RAM amidst the worldwide,ロシアの愛好家、世界的な不足の中で独自のDDR5 RAMの構築を計画中
_posts/2025-12-26-schwarzschild-geodesic-visualization-in-cwebassemb.md,Schwarzschild Geodesic Visualization in C++/WebAssembly,C++/WebAssemblyによるシュヴァルツシルト測地線の可視化
_posts/2025-12-26-scraping-on-the-edge-how-i-built-a-lightning-fast.md,Scraping on the Edge: How I Built a Lightning-Fast Manga Reader with SvelteKit,エッジでのスクレイピング：SvelteKitで超高速マンガリーダーを構築した方法
_posts/2025-12-26-sendspin-music-experience-protocol.md,Sendspin: Music Experience Protocol,Sendspin：音楽体験プロトコル
_posts/2025-12-26-seven-diabetes-patients-die-due-to-undisclosed-bug.md,Seven Diabetes Patients Die Due to Undisclosed Bug in Abbott's Glucose Monitors,アボット社の血糖値モニターの未公開バグにより、7人の糖尿病患者が死亡
_posts/2025-12-26-show-hn-autolisp-interpreter-in-rustwasm-a-cad-wor.md,Show HN: AutoLISP interpreter in Rust/WASM – a CAD workflow invented 33 yrs,Show HN: Rust/WASMによるAutoLISPインタープリタ – 33年前に発明されたCADワークフロー
_posts/2025-12-26-show-hn-gaming-couch-a-local-multiplayer-party-gam.md,Show HN: Gaming Couch – a local multiplayer party game platform for 8 players,Show HN: Gaming Couch – 8人まで遊べるローカルマルチプレイヤー・パーティーゲーム・プラットフォーム
_posts/2025-12-26-show-hn-geneguessr-a-daily-biology-web-puzzle.md,Show HN: GeneGuessr – a daily biology web puzzle,Show HN: GeneGuessr – 日替わりの生物学ウェブパズル
_posts/2025-12-26-show-hn-private-blogging-and-journaling-with-a-sim.md,Show HN: Private blogging and journaling with a simulated audience,Show HN: 擬似的な観客がいるプライベートなブログとジャーナリング
_posts/2025-12-26-show-hn-spice-cayenne-sql-acceleration-built-on-vo.md,Show HN: Spice Cayenne – SQL acceleration built on Vortex,Show HN: Spice Cayenne – Vortex上に構築されたSQLアクセラレーション
_posts/2025-12-26-show-hn-witr-explain-why-a-process-is-running-on-y.md,Show HN: Witr – Explain why a process is running on your Linux system,Show HN: Witr – Linuxシステムでプロセスが実行されている理由を説明する
_posts/2025-12-26-show-hn-xcc700-self-hosting-mini-c-compiler-for-es.md,Show HN: Xcc700: Self-hosting mini C compiler for ESP32 (Xtensa) in 700 lines,Show HN: Xcc700: 700行で書かれたESP32 (Xtensa) 向けセルフホスティング・ミニCコンパイラ
_posts/2025-12-26-show-twine-a-tool-to-dynamically-trace-calls-in-pr.md,Show: Twine - A tool to dynamically trace calls in production Elixir systems,Show: Twine - 本番環境のElixirシステムで呼び出しを動的にトレースするツール
_posts/2025-12-26-simplifying-the-build-process-for-vst3-rs.md,Simplifying the build process for vst3-rs,vst3-rsのビルドプロセスの簡素化
_posts/2025-12-26-south-park-writer-toby-morton-purchases-president.md,"‘South Park’ writer Toby Morton purchases President-Kennedy Center web addresses,",「サウスパーク」のライター、トビー・モートン氏がケネディ・センターのウェブアドレスを購入
_posts/2025-12-26-ssh-tinychristmas.md,ssh tiny.christmas,ssh tiny.christmas
_posts/2025-12-26-steve-wants-us-to-make-the-macintosh-boot-faster.md,Steve wants us to make the Macintosh boot faster,スティーブは私たちにMacintoshの起動を速くしてほしいと思っている
_posts/2025-12-26-tachyon-high-frequency-statistical-sampling-profil.md,Tachyon: High frequency statistical sampling profiler,Tachyon：高頻度統計サンプリングプロファイラ
_posts/2025-12-26-technical-debt-is-a-myth-created-by-bad-managers.md,Technical Debt Is a Myth Created By Bad Managers,技術的負債は悪いマネージャーによって作られた神話である
_posts/2025-12-26-tesla-opens-engineering-investigation-into-cybertr.md,Tesla Opens Engineering Investigation into Cybertruck Wipers,テスラ、サイバートラックのワイパーに関する技術調査を開始
_posts/2025-12-26-teslas-european-sales-plunge.md,Tesla’s European Sales Plunge,テスラの欧州販売が急落
_posts/2025-12-26-the-algebra-of-loans-in-rust.md,The Algebra of Loans in Rust,Rustにおける借用の代数
_posts/2025-12-26-the-best-things-and-stuff-of-2025.md,The Best Things and Stuff of 2025,2025年のベスト・シングス＆スタッフ
_posts/2025-12-26-the-compiler-is-your-best-friend-stop-lying-to-it.md,"The Compiler Is Your Best Friend, Stop Lying to It",コンパイラはあなたの親友です、嘘をつくのはやめましょう
_posts/2025-12-26-the-day-i-stopped-chasing-everything-and-found-my.md,The Day I Stopped Chasing Everything and Found My One Thing,すべてを追いかけるのをやめ、自分の「たった一つのこと」を見つけた日
_posts/2025-12-26-the-entire-new-yorker-archive-is-now-digitized.md,The entire New Yorker archive is now digitized,ニューヨーカー誌の全アーカイブがデジタル化
_posts/2025-12-26-the-hidden-power-of-nexttick-setimmediate-in-nodej.md,The Hidden Power of nextTick + setImmediate in Node.js,Node.jsにおけるnextTick + setImmediateの隠れた力
_posts/2025-12-26-the-html-elements-time-forgot.md,The HTML Elements Time Forgot,時間が忘れ去ったHTML要素
_posts/2025-12-26-the-internet-just-made-a-300tb-copy-of-spotify-upd.md,The internet just made a 300TB copy of Spotify! (Updated: Spotify reaction),インターネットがSpotifyの300TBのコピーを作成！（更新：Spotifyの反応）
_posts/2025-12-26-the-seepage-of-ai-into-christian-practice-is-distu.md,The seepage of AI into Christian practice is disturbing | What does it mean when chatbots become digital pastors or religious music is bot-generated?,キリスト教の習慣へのAIの浸透は不穏である | チャットボットがデジタル牧師になり、宗教音楽がボット生成されることは何を意味するのか？
_posts/2025-12-26-til-serdes-borrowing-can-be-treacherous.md,TIL: serde's borrowing can be treacherous,TIL: serdeの借用は油断ならない
_posts/2025-12-26-tiled-art.md,Tiled Art,タイル状のアート
_posts/2025-12-26-top-7-featured-dev-posts-of-the-week.md,Top 7 Featured DEV Posts of the Week,今週の注目のDEV投稿トップ7
_posts/2025-12-26-turbodiffusion-100200-acceleration-for-video-diffu.md,TurboDiffusion: 100–200× Acceleration for Video Diffusion Models,TurboDiffusion：ビデオ拡散モデルの100〜200倍の加速
_posts/2025-12-26-ultimate-linux-userspace-for-linux-in-pure-javascr.md,Ultimate-Linux: Userspace for Linux in Pure JavaScript,Ultimate-Linux：純粋なJavaScriptによるLinuxユーザー空間
_posts/2025-12-26-undefinable-yet-indispensable.md,Undefinable yet Indispensable,定義不可能だが不可欠なもの
_posts/2025-12-26-understanding-the-northern-lights.md,Understanding the Northern Lights,オーロラを理解する
_posts/2025-12-26-unix-find-expressions-compiled-to-bytecode.md,"Unix \""find\"" expressions compiled to bytecode",バイトコードにコンパイルされたUnixの「find」式
_posts/2025-12-26-us-disrupts-multimillion-dollar-bank-account-takeo.md,US disrupts multimillion-dollar bank account takeover operation targeting Americans,米国、アメリカ人を標的とした数百万ドル規模の銀行口座乗っ取り作戦を阻止
_posts/2025-12-26-we-solved-c10k-years-ago-yet-we-keep-reinventing-i.md,We “solved” C10K years ago yet we keep reinventing it,C10K問題は何年も前に「解決」したが、私たちはそれを再発明し続けている
_posts/2025-12-26-what-are-you-doing-this-weekend.md,What are you doing this weekend?,今週末は何をしますか？
_posts/2025-12-26-what-happened-to-all-the-gold-spain-got-from-the-n.md,What happened to all the gold Spain got from the New World? (1985),スペインが新世界から得たすべての金はどうなったのか？ (1985)
_posts/2025-12-26-what-the-linux-desktop-really-needs-to-challenge-w.md,What the Linux desktop really needs to challenge Windows,LinuxデスクトップがWindowsに挑むために本当に必要なもの
_posts/2025-12-26-what-was-your-win-this-week.md,What was your win this week???,今週のあなたの成果は何でしたか？
_posts/2025-12-26-when-a-driver-challenges-the-kernels-assumptions.md,When a driver challenges the kernel's assumptions,ドライバーがカーネルの前提に挑むとき
_posts/2025-12-26-where-were-going-we-dont-need-chatbots-introducing.md,"Where we''re going, we don''t need chatbots: introducing the Antigravity IDE",私たちが行く場所にチャットボットは不要：Antigravity IDEの紹介
_posts/2025-12-26-wifi-densepose-wifi-based-dense-human-pose-estimat.md,WiFi DensePose: WiFi-based dense human pose estimation system through walls,WiFi DensePose：壁越しにWiFiベースで高密度な人間のポーズを推定するシステム
_posts/2025-12-26-wpfmvvm-lottery-analytics-project-charts-tables-an.md,"WPF/MVVM lottery analytics project : charts, tables, and performance notes",WPF/MVVMによる宝くじ分析プロジェクト：チャート、テーブル、およびパフォーマンスノート
_posts/2025-12-26-writing-an-nes-emulator-in-haskell.md,Writing an NES emulator in Haskell,HaskellでNESエミュレータを書く
_posts/2025-12-26-x-payments-incentivised-misinformation-in-wake-of.md,"X payments incentivised misinformation in wake of Bondi shooting, expert says",ボンダイ銃撃事件後のXの支払いが誤情報を助長したと専門家が指摘
_posts/2025-12-27--tucky.md,-tucky,-tucky
_posts/2025-12-27-after-60000-miles-of-charging-to-100-every-night-a.md,"After 60,000 Miles of Charging to 100% Every Night, a Ford F-150 Lightning",毎晩100%まで充電して6万マイル走行した後のフォード F-150 ライトニング
_posts/2025-12-27-ai-data-centers-are-forcing-dirty-peaker-power-pla.md,AI data centers are forcing dirty ‘peaker’ power plants back into service,AIデータセンターが汚い「ピーク時用」発電所の再稼働を強いている
_posts/2025-12-27-ai-police-reports-year-in-review.md,AI Police Reports: Year in Review,AI警察レポート：今年の振り返り
_posts/2025-12-27-airtight-seal-think-of-seal-like-a-digital-notary.md,Airtight SEAL: Think of SEAL like a digital notary. It verifies that a file,気密性の高いSEAL：SEALをデジタル公証人のように考えてください。ファイルが...
_posts/2025-12-27-always-bet-on-text.md,Always Bet on Text,常にテキストに賭けろ
_posts/2025-12-27-any-programming-youtube-channels-similar-to-these.md,Any programming youtube channels similar to these?,これらに似たプログラミングYouTubeチャンネルはありますか？
_posts/2025-12-27-apple-releases-open-source-model-that-instantly-tu.md,Apple releases open-source model that instantly turns 2D photos into 3D views,Apple、2D写真を瞬時に3Dビューに変換するオープンソースモデルをリリース
_posts/2025-12-27-arcan-071-minutes-to-midnight.md,Arcan 0.7.1 – Minutes To Midnight,Arcan 0.7.1 – 終末への数分前
_posts/2025-12-27-at-the-edges-of-the-ai-data-center-boom-rural-amer.md,"At the edges of the AI data center boom, rural America is up against Silicon",AIデータセンターブームの端で、アメリカの農村部がシリコンバレーと対峙
_posts/2025-12-27-austrias-top-court-rules-metas-ad-model-illegal-or.md,"Austria's top court rules Meta's ad model illegal, orders overhaul of user data practices in EU",オーストリア最高裁、Metaの広告モデルを違法と判断、EUでのユーザーデータ慣行の刷新を命令
_posts/2025-12-27-c-header-only-library-for-parsing-mepg-tsdvb-hls-l.md,C header only library for parsing MEPG-TS/DVB (hls) live streams + m3u8 Playlists,MEPG-TS/DVB (hls) ライブストリーム + m3u8 プレイリスト解析用のCヘッダーのみのライブラリ
_posts/2025-12-27-chasing-an-economic-boom-white-house-dismisses-ris.md,"Chasing an Economic Boom, White House Dismisses Risks of A.I.",経済ブームを追い求め、ホワイトハウスはAIのリスクを退ける
_posts/2025-12-27-commandry-a-command-line-parser-for-standard-ml.md,Commandry - A Command-Line Parser for Standard ML,Commandry - Standard ML用のコマンドラインパーサー
_posts/2025-12-27-concurrent-hash-map-designs-synchronized-sharding.md,"Concurrent Hash Map Designs: Synchronized, Sharding, and ConcurrentHashMap",並行ハッシュマップの設計：同期、シャーディング、およびConcurrentHashMap
_posts/2025-12-27-contractmd-the-naughty-list-for-ai-coding-agents.md,CONTRACT.md: The Naughty List for AI Coding Agents,CONTRACT.md：AIコーディングエージェントのための「いたずらっ子リスト」
_posts/2025-12-27-copy-of-grand-theft-auto-that-runs-in-a-web-browse.md,Copy of Grand Theft Auto that runs in a web browser gets taken down by DMCA,ウェブブラウザで動作するグランド・セフト・オートのコピーがDMCAにより削除
_posts/2025-12-27-deepfakes-hit-a-whole-new-level-in-2025-the-2026-f.md,Deepfakes hit a whole new level in 2025. The 2026 forecast looks like a total,ディープフェイクは2025年に全く新しいレベルに達した。2026年の予測は完全に...
_posts/2025-12-27-detect-memory-leaks-of-c-extensions-with-psutil-an.md,Detect memory leaks of C extensions with psutil and psleak,psutilとpsleakでC拡張のメモリリークを検出する
_posts/2025-12-27-easel-turns-one-one-year-of-building-my-own-ide-in.md,Easel Turns One! One year of building my own IDE in Clojure,Easelが1周年！Clojureで独自のIDEを構築した1年
_posts/2025-12-27-eertree-an-interactive-guide.md,Eertree - an interactive guide,Eertree - インタラクティブガイド
_posts/2025-12-27-exedev.md,Exe.dev/,Exe.dev/
_posts/2025-12-27-faster-practical-modular-inversion.md,Faster practical modular inversion,より高速で実用的なモジュラ逆数
_posts/2025-12-27-garmin-autopilot-lands-small-aircraft-without-huma.md,Garmin autopilot lands small aircraft without human assistance,ガーミンのオートパイロットが人間の介助なしで小型機を着陸させる
_posts/2025-12-27-german-minister-sees-merit-to-social-media-ban-for.md,German minister sees 'merit' to social media ban for teens,ドイツの閣僚、10代のソーシャルメディア禁止に「メリット」を見出す
_posts/2025-12-27-gpgfail.md,Gpg.fail,Gpg.fail
_posts/2025-12-27-hollywood-cozied-up-to-ai-in-2025-and-had-nothing.md,Hollywood cozied up to AI in 2025 and had nothing good to show for it,ハリウッドは2025年にAIに歩み寄ったが、良い成果は何も得られなかった
_posts/2025-12-27-how-ai-could-cause-social-security-to-run-out-of-m.md,How AI Could Cause Social Security to Run Out of Money Sooner Than Expected,AIがいかにして社会保障資金を予想より早く枯渇させる可能性があるか
_posts/2025-12-27-how-data-really-travels-over-the-network-json-vs-a.md,How Data Really Travels Over the Network (JSON vs Avro vs Protobuf),データが実際にネットワーク上をどのように移動するか (JSON vs Avro vs Protobuf)
_posts/2025-12-27-how-reality-crushed-nsect-the-french-startup-that.md,"How reality crushed Ÿnsect, the French startup that had raised over $600M for",現実がいかにして6億ドル以上を調達したフランスのスタートアップŸnsectを打ち砕いたか
_posts/2025-12-27-how-search-engines-explore-the-entire-internet-ep.md,How Search Engines Explore the Entire Internet? EP: 2 Behind The Screen,検索エンジンはいかにしてインターネット全体を探索するのか？ 第2回：スクリーンの裏側
_posts/2025-12-27-how-to-make-a-markdown-viewer-in-java.md,How to make a markdown viewer in java,JavaでMarkdownビューアを作る方法
_posts/2025-12-27-how-to-train-ultralytics-yolov8-models-on-your-cus.md,How to Train Ultralytics YOLOv8 models on Your Custom Dataset | 196 classes,カスタムデータセットでUltralytics YOLOv8モデルをトレーニングする方法 | 196クラス
_posts/2025-12-27-how-we-lost-communication-to-entertainment.md,How we lost communication to entertainment,いかにして私たちはコミュニケーションを娯楽に奪われたか
_posts/2025-12-27-intertapes-collection-of-found-cassette-tapes-from.md,Intertapes – collection of found cassette tapes from different locations,Intertapes – 様々な場所で見つかったカセットテープのコレクション
_posts/2025-12-27-janet-jackson-had-the-power-to-crash-laptop-comput.md,Janet Jackson had the power to crash laptop computers (2022),ジャネット・ジャクソンにはノートパソコンをクラッシュさせる力があった (2022)
_posts/2025-12-27-langjam-gamejam-devlog-making-a-language-compiler.md,"Langjam-Gamejam Devlog: Making a language, compiler, VM and 5 games in 52",Langjam-Gamejam 開発ログ：52時間で言語、コンパイラ、VM、そして5つのゲームを作る
_posts/2025-12-27-more-dynamic-cronjobs.md,More Dynamic Cronjobs,よりダイナミックなCronジョブ
_posts/2025-12-27-more-than-20-of-videos-shown-to-new-youtube-users.md,"More than 20% of videos shown to new YouTube users are ‘AI slop’, study finds",新規YouTubeユーザーに表示される動画の20%以上が「AIスロップ」であるとの調査結果
_posts/2025-12-27-nmh-basic.md,NMH BASIC,NMH BASIC
_posts/2025-12-27-nvidia-just-paid-20b-for-a-company-that-missed-its.md,Nvidia Just Paid $20B for a Company That Missed Its Revenue Target by 75%,Nvidia、収益目標を75%下回った企業に200億ドルを支払う
_posts/2025-12-27-nvidias-20b-antitrust-loophole-not-an-acquisition.md,Nvidia's $20B Antitrust Loophole (Not an Acquisition),Nvidiaの200億ドルの独占禁止法回避策（買収ではない）
_posts/2025-12-27-one-million-small-web-screenshots.md,One million (small web) screenshots,100万枚の（スモールウェブ）スクリーンショット
_posts/2025-12-27-oracle-shares-on-pace-for-worst-quarter-since-2001.md,Oracle shares on pace for worst quarter since 2001 as new CEOs face concerns,Oracle株、新CEOへの懸念から2001年以来最悪の四半期となる勢い
_posts/2025-12-27-pre-commit-hooks-are-fundamentally-broken.md,pre-commit hooks are fundamentally broken,pre-commitフックは根本的に壊れている
_posts/2025-12-27-product-engineering-teams-must-own-supply-chain-ri.md,Product engineering teams must own supply chain risk,製品エンジニアリングチームはサプライチェーンのリスクに責任を持つべきだ
_posts/2025-12-27-prompt-injection-isnt-a-prompting-problem-its-an-a.md,"Prompt Injection Isn’t a Prompting Problem, It’s an Authority Problem",プロンプトインジェクションはプロンプトの問題ではなく、権限の問題である
_posts/2025-12-27-publishing-your-work-increases-your-luck.md,Publishing your work increases your luck,作品を公開することはあなたの運を向上させる
_posts/2025-12-27-qnx-self-hosted-developer-desktop-brings-qnx-80-to.md,QNX Self-Hosted Developer Desktop Brings QNX 8.0 To A Wayland + Xfce Desktop,QNXセルフホスト型開発者デスクトップがQNX 8.0をWayland + Xfceデスクトップにもたらす
_posts/2025-12-27-qnx-self-hosted-developer-desktop.md,QNX Self-Hosted Developer Desktop,QNXセルフホスト型開発者デスクトップ
_posts/2025-12-27-sdsl-a-newold-shader-programming-language.md,SDSL : a new/old shader programming language,SDSL：新しくて古いシェーダープログラミング言語
_posts/2025-12-27-show-hn-ez-ffmpeg-video-editing-in-plain-english.md,Show HN: Ez FFmpeg – Video editing in plain English,Show HN: Ez FFmpeg – 平易な英語でのビデオ編集
_posts/2025-12-27-simd-city-auto-vectorisation.md,SIMD City: Auto-Vectorisation,SIMD City：自動ベクトル化
_posts/2025-12-27-some-junk-theorems-in-lean.md,Some Junk Theorems in Lean,Leanにおけるいくつかのジャンク定理
_posts/2025-12-27-t-ruby-is-ruby-with-syntax-for-types.md,T-Ruby is Ruby with syntax for types,T-Rubyは型構文を持つRubyである
_posts/2025-12-27-the-battle-to-stop-clever-people-betting.md,The battle to stop clever people betting,賢い人々の賭けを止めるための戦い
_posts/2025-12-27-the-production-bug-that-made-me-care-about-undefin.md,The production bug that made me care about undefined behavior,未定義動作を気にするきっかけとなった本番環境のバグ
_posts/2025-12-27-understanding-database-transactions-and-isolation.md,Understanding Database transactions and Isolation Levels,データベーストランザクションと分離レベルを理解する
_posts/2025-12-27-us-man-uses-phones-parental-controls-to-track-resc.md,"US man uses phone’s parental controls to track, rescue daughter kidnapped at knifepoint",米国の男性、電話のペアレンタルコントロールを使用して刃物で誘拐された娘を追跡・救出
_posts/2025-12-27-why-ios-app-monetization-iap-is-hard-to-learn-as-a.md,Why iOS app monetization (IAP) is hard to learn as a system,なぜiOSアプリの収益化（IAP）をシステムとして学ぶのが難しいのか
_posts/2025-12-27-why-is-calling-my-asm-function-from-rust-slower-th.md,Why is calling my asm function from Rust slower than calling it from C?,なぜRustからasm関数を呼び出す方がCから呼び出すよりも遅いのか？
_posts/2025-12-27-windows-2-for-the-apricot-pcxi.md,Windows 2 for the Apricot PC/Xi,Apricot PC/Xi用のWindows 2
_posts/2025-12-27-you-cant-design-software-you-dont-work-on.md,You can't design software you don't work on,自分が関わっていないソフトウェアを設計することはできない
_posts/2025-12-28-2025-was-the-year-xbox-died.md,2025 was the year Xbox died,2025年はXboxが死んだ年だった
_posts/2025-12-28-39c3-to-sign-or-not-to-sign-practical-vulnerabilit.md,39C3: To sign or not to sign: Practical vulnerabilities in GPG & friends,39C3：署名すべきか否か：GPGとその仲間たちにおける実用的な脆弱性
_posts/2025-12-28-62-years-in-the-making-nycs-newest-water-tunnel-ne.md,62 years in the making: NYC''s newest water tunnel nears the finish line,62年の歳月をかけて：ニューヨーク市最新の送水トンネルが完成間近
_posts/2025-12-28-a-discord-server-that-combines-an-it-community-wit.md,A Discord server that combines an IT community with a dating/social element.,ITコミュニティとデート・交流要素を組み合わせたDiscordサーバー
_posts/2025-12-28-a-modern-recommender-model-architecture.md,A Modern Recommender Model Architecture,モダンなレコメンダーモデルのアーキテクチャ
_posts/2025-12-28-a-new-research-shows-that-21-33-of-youtubes-feed-m.md,A new research shows that 21-33% of YouTube's feed may consist of AI slop,新しい研究によると、YouTubeフィードの21〜33%がAIスロップで構成されている可能性がある
_posts/2025-12-28-a-practical-guide-to-taming-postgres-isolation-ano.md,A Practical Guide to Taming Postgres Isolation Anomalies,Postgresの分離アノマリーを制御するための実用ガイド
_posts/2025-12-28-a-prime-view-of-hn.md,"A ""Prime"" View of HN",HNの「プライム」な視点
_posts/2025-12-28-building-a-git-native-tool-to-reduce-manual-task-u.md,Building a Git-native tool to reduce manual task updates — looking for developer,手動のタスク更新を減らすためのGitネイティブツールの構築 — 開発者募集中
_posts/2025-12-28-building-a-macos-app-to-know-when-my-mac-is-therma.md,Building a macOS app to know when my Mac is thermal throttling,Macがサーマルスロットリングを起こしているか知るためのmacOSアプリの構築
_posts/2025-12-28-building-production-grade-ai-agents.md,Building production grade AI agents,プロダクションレベルのAIエージェントの構築
_posts/2025-12-28-built-a-pdf-editor-amp-scanner-app-after-6-months.md,Built a PDF editor &amp; scanner app after 6 months of practice — looking for,6ヶ月の練習の末にPDFエディタ＆スキャナーアプリを構築 — 募集中
_posts/2025-12-28-c-gt-java-java-gt-llm.md,C -&gt; Java != Java -&gt; LLM,CからJavaへの変換は、JavaからLLMへの変換とは異なる
_posts/2025-12-28-c-says-we-have-try-at-home.md,"C++ says ""We have try at home.",C++は「家にはtryがある」と言う
_posts/2025-12-28-calendar.md,Calendar,カレンダー
_posts/2025-12-28-can-i-throw-a-c-exception-from-a-structured-except.md,Can I throw a C++ exception from a structured exception?,構造化例外からC++例外をスローできるか？
_posts/2025-12-28-ceos-are-hugely-expensive-why-not-automate-them.md,CEOs are hugely expensive. Why not automate them?,CEOは非常に高コストだ。なぜ自動化しないのか？
_posts/2025-12-28-china-is-banning-tesla-style-retractable-door-hand.md,China Is Banning Tesla-Style Retractable Door Handles Over Safety Concerns,中国、安全上の懸念からテスラ式の格納式ドアハンドルを禁止
_posts/2025-12-28-cve-2025-14847-mongobleed.md,CVE-2025-14847: MongoBleed,CVE-2025-14847: MongoBleed
_posts/2025-12-28-data-centers-are-west-virginias-new-strip-mines.md,Data centers are West Virginia’s new strip mines,データセンターはウェストバージニア州の新しい露天掘り鉱山だ
_posts/2025-12-28-designing-predictable-llm-verifier-systems-for-for.md,Designing Predictable LLM-Verifier Systems for Formal Method Guarantee,形式手法の保証のための予測可能なLLM検証システムの設計
_posts/2025-12-28-devops-from-scratch-a-students-diary-entry-00.md,DevOps From Scratch: A Student’s Diary (Entry #00),ゼロからのDevOps：ある学生の日記（第00回）
_posts/2025-12-28-dolphin-progress-release-2512.md,Dolphin Progress Release 2512,Dolphin進捗リリース 2512
_posts/2025-12-28-every-test-is-a-trade-off.md,Every Test Is a Trade-Off,すべてのテストはトレードオフである
_posts/2025-12-28-ex-palantir-turned-politician-alex-bores-says-ai-d.md,"Ex-Palantir turned politician Alex Bores says AI deepfakes are a ""solvable",元Palantirで政治家に転身したアレックス・ボレス氏、AIディープフェイクは「解決可能」と語る
_posts/2025-12-28-global-memory-shortage-crisis-market-analysis.md,Global Memory Shortage Crisis: Market Analysis,世界的なメモリ不足危機：市場分析
_posts/2025-12-28-go-gray-not-cray-why-you-should-grayscale-your-pho.md,"Go Gray, Not Cray: Why You Should Grayscale Your Phone",「グレイ」になろう、「クレイジー」ではなく：なぜスマホをグレースケールにすべきか
_posts/2025-12-28-goodbye-sass.md,Goodbye Sass,さよならSass
_posts/2025-12-28-googles-fine-print-may-cost-your-fourth-amendment.md,Google’s fine print may cost your Fourth Amendment rights — Pennsylvania Supreme,Googleの細かい規定があなたの修正第4条の権利を奪う可能性 — ペンシルベニア州最高裁
_posts/2025-12-28-growing-up-in-404-not-found-chinas-nuclear-city-in.md,"Growing up in ""404 Not Found"": China''s nuclear city in the Gobi Desert",「404 Not Found」で育つ：ゴビ砂漠にある中国の核都市
_posts/2025-12-28-how-rate-limiter-protect-your-system-from-abuse.md,How Rate Limiter protect your system from abuse!,レートリミッターがいかにしてシステムを悪用から守るか！
_posts/2025-12-28-hungry-fat-cells-could-someday-starve-cancer-to-de.md,Hungry Fat Cells Could Someday Starve Cancer to Death,飢えた脂肪細胞がいつか癌を餓死させるかもしれない
_posts/2025-12-28-i-built-a-free-tool-to-compare-inference-costs-acr.md,"I  built a free tool to compare inference costs across providers (Fireworks,",プロバイダー間の推論コストを比較する無料ツールを構築しました（Fireworksなど）
_posts/2025-12-28-i-built-a-production-rag-system-for-5month-most-al.md,I Built a Production RAG System for $5/month (Most Alternatives Cost $100-200+),月額5ドルでプロダクションRAGシステムを構築（他は100〜200ドル以上かかる）
_posts/2025-12-28-i-built-an-offline-semantic-search-engine-in-js-no.md,"I built an offline semantic search engine in JS (no DB, no APIs), Feedback",JSでオフラインセマンティック検索エンジンを構築（DBなし、APIなし）、フィードバック募集中
_posts/2025-12-28-i-stayed-in-a-40-capsule-hotel-london.md,I stayed in a $40 capsule hotel (London),40ドルのカプセルホテルに泊まってみた（ロンドン）
_posts/2025-12-28-i-was-wrong-about-typescript-part-1.md,I was wrong about typescript part 1,TypeScriptについて私は間違っていた 第1部
_posts/2025-12-28-kafka-uses-os-page-buffer-cache-for-optimisations.md,Kafka uses OS page buffer cache for optimisations instead of process caching,Kafkaはプロセスキャッシュの代わりにOSのページバッファキャッシュを最適化に使用する
_posts/2025-12-28-las-vegas-police-touted-new-bulletproof-cybertruck.md,Las Vegas Police Touted New “Bulletproof” Cybertrucks. The Only Problem? They,ラスベガス警察が新しい「防弾」サイバートラックを宣伝。唯一の問題は？
_posts/2025-12-28-last-year-on-my-mac-look-back-in-disbelief.md,Last Year on My Mac: Look Back in Disbelief,私のMacでの昨年：信じられない思いで振り返る
_posts/2025-12-28-learn-computer-graphics-from-scratch-and-for-free.md,Learn computer graphics from scratch and for free,コンピュータグラフィックスをゼロから無料で学ぶ
_posts/2025-12-28-manus-ai-100m-usd-arr.md,Manus AI 100M USD ARR,Manus AI、年間経常収益（ARR）1億ドル
_posts/2025-12-28-mongobleed-vulnerability-explained-simply.md,MongoBleed vulnerability explained simply,MongoBleedの脆弱性を簡単に解説
_posts/2025-12-28-multiscale-aperture-synthesis-imager.md,Multiscale Aperture Synthesis Imager,マルチスケール開口合成イメージャー
_posts/2025-12-28-never-use-pixelation-to-hide-sensitive-text-2014.md,Never Use Pixelation to Hide Sensitive Text (2014),機密テキストを隠すためにピクセル化（モザイク）を決して使ってはいけない (2014)
_posts/2025-12-28-nvidia-insists-it-isnt-enron-but-its-ai-deals-are.md,"Nvidia insists it isn’t Enron, but its AI deals are testing investor faith",Nvidiaはエンロンではないと主張するが、そのAI取引は投資家の信頼を試している
_posts/2025-12-28-nvidias-20-billion-groq-deal-looks-a-lot-like-an-a.md,Nvidia's $20 billion Groq deal looks a lot like an acquisition in disguise,Nvidiaの200億ドルのGroq取引は、変装した買収のように見える
_posts/2025-12-28-on-llms-in-programming.md,On LLMs in programming,プログラミングにおけるLLMについて
_posts/2025-12-28-one-year-of-keeping-a-tada-list.md,One year of keeping a tada list,「タダ（できたこと）」リストを付け始めて1年
_posts/2025-12-28-openai-ceo-sam-altman-just-publicly-admitted-that.md,OpenAI CEO Sam Altman just publicly admitted that AI agents are becoming a,OpenAIのサム・アルトマンCEO、AIエージェントが現実になりつつあると公に認める
_posts/2025-12-28-openais-chatgpt-ads-will-allegedly-prioritize-spon.md,OpenAI's ChatGPT ads will allegedly prioritize sponsored content in answers,OpenAIのChatGPT広告は、回答内でスポンサーコンテンツを優先するとされる
_posts/2025-12-28-parsing-advances.md,Parsing Advances,パース技術の進歩
_posts/2025-12-28-presidents-administration-seeks-to-deport-hate-spe.md,President's administration seeks to deport hate speech researcher previously,大統領政権、以前から標的にしていたヘイトスピーチ研究者の国外追放を画策
_posts/2025-12-28-project-vend-phase-two.md,Project Vend: Phase Two,Project Vend：フェーズ2
_posts/2025-12-28-pysdr-a-guide-to-sdr-and-dsp-using-python.md,PySDR: A Guide to SDR and DSP Using Python,PySDR：Pythonを使用したSDRとDSPのガイド
_posts/2025-12-28-racist-ai-fakes-are-now-a-business-and-a-political.md,Racist AI fakes are now a business — and a political tool,人種差別的なAIフェイクが今やビジネスに — そして政治的ツールに
_posts/2025-12-28-rainbow-six-siege-hacked-as-hackers-have-wormed-th.md,"Rainbow Six Siege hacked, as hackers have wormed their way into the game's",レインボーシックス シージがハッキングされ、ハッカーがゲーム内に侵入
_posts/2025-12-28-rainbow-six-siege-hacked-as-players-get-billions-o.md,Rainbow Six Siege hacked as players get billions of credits and random bans,レインボーシックス シージがハッキングされ、プレイヤーが数十億クレジットを獲得し、ランダムにBANされる
_posts/2025-12-28-release-age-v130-post-quantum-and-more.md,Release age v1.3.0: post-quantum (and more),age v1.3.0リリース：耐量子計算機暗号など
_posts/2025-12-28-remembering-lou-gerstner.md,Remembering Lou Gerstner,ルー・ガースナーを偲んで
_posts/2025-12-28-replacing-javascript-with-just-html.md,Replacing JavaScript with Just HTML,JavaScriptをHTMLだけで置き換える
_posts/2025-12-28-researchers-discover-molecular-difference-in-autis.md,Researchers Discover Molecular Difference in Autistic Brains,研究者、自閉症の脳における分子レベルの違いを発見
_posts/2025-12-28-resolving-names-once-and-for-all.md,Resolving Names Once and for All,名前解決をきっぱりと解決する
_posts/2025-12-28-rex-is-a-safe-kernel-extension-framework-that-allo.md,Rex is a safe kernel extension framework that allows Rust in the place of eBPF,RexはeBPFの代わりにRustを使用できる安全なカーネル拡張フレームワークである
_posts/2025-12-28-rust-errors-without-dependencies.md,Rust Errors Without Dependencies,依存関係なしのRustエラー処理
_posts/2025-12-28-salesforce-executives-say-trust-in-large-language.md,Salesforce Executives Say Trust in Large Language Models Has Declined,Salesforce幹部、大規模言語モデルへの信頼が低下したと語る
_posts/2025-12-28-self-balancing-kafka-clusters-with-cruise-control.md,Self-balancing Kafka Clusters with Cruise Control,Cruise Controlによる自己バランス型Kafkaクラスター
_posts/2025-12-28-show-hn-pion-sctp-with-rack-is-70-faster-with-30-l.md,Show HN: Pion SCTP with RACK is 70% faster with 30% less latency,Show HN: RACKを使用したPion SCTPは70%高速化し、レイテンシが30%減少
_posts/2025-12-28-shut-up-about-the-water.md,Shut Up About the Water,水の話はやめてくれ
_posts/2025-12-28-slate-ax-wi-fi-6-gigabit-travel-router.md,Slate AX: Wi-Fi 6 Gigabit travel router,Slate AX：Wi-Fi 6 ギガビット・トラベルルーター
_posts/2025-12-28-software-engineers-should-be-a-little-bit-cynical.md,Software engineers should be a little bit cynical,ソフトウェアエンジニアは少し冷笑的であるべきだ
_posts/2025-12-28-spherical-cow.md,Spherical Cow,球形の牛（物理学のジョーク）
_posts/2025-12-28-stanford-graduates-spark-outrage-after-uncovering.md,Stanford graduates spark outrage after uncovering reason behind lack of job offers: 'A dramatic reversal from three years ago,スタンフォード大学の卒業生、内定が出ない理由を突き止め怒りを買う：「3年前からの劇的な逆転」
_posts/2025-12-28-star-citizen-is-on-course-to-reach-1-billion-in-pl.md,"Star Citizen is on course to reach $1 billion in player funding in 2026, and",スター・シチズン、2026年にプレイヤーからの資金調達額が10億ドルに達する見込み
_posts/2025-12-28-stepping-down-as-mockito-maintainer-after-10-years.md,Stepping down as Mockito maintainer after 10 years,10年務めたMockitoのメンテナを退任
_posts/2025-12-28-tc-ematch8-extended-matches-for-use-with-basic-cgr.md,"tc-ematch(8) extended matches for use with ""basic"", ""cgroup"" or ""flow"" filters",tc-ematch(8) 「basic」、「cgroup」、「flow」フィルタで使用するための拡張マッチ
_posts/2025-12-28-testing-side-effects-without-the-side-effects.md,Testing Side Effects Without the Side Effects,副作用なしで副作用をテストする
_posts/2025-12-28-text-rendering-hates-you.md,Text rendering hates you - テキストレンダリングはあなたを嫌う,テキストレンダリングはあなたを嫌う
_posts/2025-12-28-the-dangers-of-ssl-certificates.md,The dangers of SSL certificates,SSL証明書の危険性
_posts/2025-12-28-the-origins-of-apl-1974-video.md,The Origins of APL (1974) [video],APLの起源 (1974) [動画]
_posts/2025-12-28-the-tricky-parts-of-building-a-reliable-job-schedu.md,"The tricky parts of building a reliable job scheduler: leases, idempotency,",信頼性の高いジョブスケジューラを構築する際の難しい部分：リース、べき等性
_posts/2025-12-28-tiny-types-first-schema-validation-for-typescript.md,"Tiny, types-first schema validation for TypeScript",TypeScript向けの極小・型優先のスキーマバリデーション
_posts/2025-12-28-travel-agents-took-10-years-to-collapse-developers.md,"Travel agents took 10 years to collapse, developers are three years in",旅行代理店は崩壊に10年かかったが、開発者は3年目に入っている
_posts/2025-12-28-unitys-mono-problem-why-your-c-code-runs-slower-th.md,Unity''s Mono problem: Why your C# code runs slower than it should,UnityのMono問題：なぜC#コードが本来よりも遅く動作するのか
_posts/2025-12-28-we-have-to-reject-that-with-every-fiber-of-our-bei.md,‘We have to reject that with every fiber of our being’: DeSantis emerges as a chief AI skeptic,「私たちは全身全霊でそれを拒絶しなければならない」：デサンティス氏が主要なAI懐疑論者として浮上
_posts/2025-12-28-what-an-unprocessed-photo-looks-like.md,What an unprocessed photo looks like,未加工の写真がどのように見えるか
_posts/2025-12-28-what-i-learned-building-a-storage-engine-that-outp.md,What I Learned Building a Storage Engine That Outperforms RocksDB,RocksDBを凌駕するストレージエンジンを構築して学んだこと
_posts/2025-12-28-when-not-to-use-pydantic.md,When NOT to use Pydantic,Pydanticを使うべきではない時
_posts/2025-12-28-why-object-of-arrays-soa-pattern-beat-interleaved.md,Why Object of Arrays (SoA pattern) beat interleaved arrays: a JavaScript performance rabbit hole,なぜObject of Arrays (SoAパターン) がインターリーブ配列に勝るのか：JavaScriptパフォーマンスの深淵
_posts/2025-12-28-why-reliability-demands-functional-programming.md,Why Reliability Demands Functional Programming,なぜ信頼性には関数型プログラミングが必要なのか
_posts/2025-12-28-zuckerberg-settles-8-billion-lawsuit-over-cambridg.md,"Zuckerberg settles $8 billion lawsuit over Cambridge Analytica scandal, avoids",ザッカーバーグ氏、ケンブリッジ・アナリティカ事件を巡る80億ドルの訴訟で和解
_posts/2025-12-29-2d-distance-functions.md,2D Distance Functions,2D距離関数
_posts/2025-12-29-39c3-multiple-vulnerabilities-in-gnupg-and-other-c.md,39C3: Multiple vulnerabilities in GnuPG and other cryptographic tools,39C3：GnuPGおよびその他の暗号ツールにおける複数の脆弱性
_posts/2025-12-29-a-bitwise-reproducible-deep-learning-framework.md,A bitwise reproducible deep learning framework,ビット単位で再現可能なディープラーニングフレームワーク
_posts/2025-12-29-a-real-time-video-capture-to-ascii-art-converter-t.md,A real time video capture to ASCII Art converter that runs in the terminal.,ターミナルで動作するリアルタイム・ビデオキャプチャからASCIIアートへの変換器
_posts/2025-12-29-a-short-talk-at-cloudnexus-made-me-rethink-how-stu.md,A short talk at CloudNexus made me rethink how students are using AI,CloudNexusでの短い講演をきっかけに、学生のAI利用について考え直した
_posts/2025-12-29-advent-of-ai-2025-day-17-building-a-wishlist-app-w.md,Advent of AI 2025 - Day 17: Building a Wishlist App with Goose and MCP-UI,AIのアドベント 2025 - 17日目：GooseとMCP-UIでウィッシュリストアプリを構築する
_posts/2025-12-29-ai-employees-dont-pay-taxes.md,AI Employees Don't Pay Taxes,AI従業員は税金を払わない
_posts/2025-12-29-ai-is-forcing-us-to-write-good-code.md,AI is forcing us to write good code,AIが私たちに良いコードを書くことを強いている
_posts/2025-12-29-all-delisted-steam-games.md,All Delisted Steam Games,Steamから削除されたすべてのゲーム
_posts/2025-12-29-americans-hate-ai-which-party-will-benefit.md,Americans hate AI. Which party will benefit?,アメリカ人はAIを嫌っている。どちらの政党が恩恵を受けるか？
_posts/2025-12-29-an-experiment-in-vibe-coding.md,An experiment in vibe coding,「バイブス・コーディング」の実験
_posts/2025-12-29-apache-spark-isnt-fast-by-default-its-fast-when-yo.md,Apache Spark Isn’t “Fast” by Default; It’s Fast When You Use It Correctly,Apache Sparkはデフォルトで「速い」わけではない。正しく使えば速いのだ
_posts/2025-12-29-as-ai-gobbles-up-chips-prices-for-devices-may-rise.md,"As AI gobbles up chips, prices for devices may rise",AIがチップを食い尽くすにつれ、デバイスの価格が上昇する可能性がある
_posts/2025-12-29-asking-gemini-3-for-brainfck-code-puts-it-in-an-in.md,Asking Gemini 3 for Brainf*ck code puts it in an infinite loop,Gemini 3にBrainf*ckのコードを求めると無限ループに陥る
_posts/2025-12-29-attackers-caused-so-much-havoc-inside-rainbow-six.md,"Attackers Caused So Much Havoc Inside Rainbow Six Siege, Ubisoft Shut Down the Whole Game",攻撃者がレインボーシックス シージ内で大混乱を引き起こし、Ubisoftがゲーム全体をシャットダウン
_posts/2025-12-29-before-electric-vehicles-became-political-there-wa.md,"Before Electric Vehicles Became Political, There Was the Toyota Prius",電気自動車が政治的になる前、トヨタ・プリウスがあった
_posts/2025-12-29-behind-the-scenes-of-oss-vulnerability-response.md,Behind the Scenes of OSS Vulnerability Response,OSS脆弱性対応の舞台裏
_posts/2025-12-29-binaries.md,Binaries,バイナリ
_posts/2025-12-29-brendan-carr-says-destroying-consumer-protection-m.md,"Brendan Carr Says Destroying Consumer Protection, Media Consolidation Rules, And Corporate Oversight Will Be Great For Everyone",ブレンダン・カー氏、消費者保護やメディア集中ルールの撤廃、企業監視の廃止は「誰にとっても素晴らしいこと」と発言
_posts/2025-12-29-can-bundler-be-as-fast-as-uv.md,Can Bundler Be as Fast as uv?,Bundlerはuvと同じくらい速くなれるか？
_posts/2025-12-29-cars-with-retractable-door-handles-will-be-banned.md,Cars with retractable door handles will be banned in China,中国で格納式ドアハンドルを備えた車が禁止へ
_posts/2025-12-29-cia-star-gate-project-an-overview-1993-pdf.md,CIA Star Gate Project: An Overview (1993) [pdf],CIAスターゲート・プロジェクト：概要 (1993) [pdf]
_posts/2025-12-29-cloud-finops-dont-accidentally-get-out-of-control.md,Cloud FinOps Don’t “Accidentally” Get Out of Control: They’re Designed That Way,クラウドFinOpsは「偶然」制御不能になるのではない：そのように設計されているのだ
_posts/2025-12-29-communication-protocols.md,Communication Protocols,通信プロトコル
_posts/2025-12-29-consider-a-nix-flake-for-your-windows-rs-project.md,Consider a Nix Flake for your windows-rs Project,windows-rsプロジェクトにNix Flakeを検討する
_posts/2025-12-29-developing-a-beautiful-and-performant-block-editor.md,Developing a Beautiful and Performant Block Editor in Qt C++ and QML,Qt C++とQMLによる美しく高性能なブロックエディタの開発
_posts/2025-12-29-explained-what-problem-consistent-hashing-solves-a.md,Explained what problem consistent hashing solves and how it works.,コンシステントハッシュ法が解決する問題とその仕組みの解説
_posts/2025-12-29-exploited-mongobleed-flaw-leaks-mongodb-secrets-87.md,"Exploited MongoBleed flaw leaks MongoDB secrets, 87K servers exposed",悪用されたMongoBleedの欠陥によりMongoDBの機密情報が流出、8万7千台のサーバーが露出
_posts/2025-12-29-feynmans-hughes-lectures-950-pages-of-notes.md,Feynman's Hughes Lectures: 950 pages of notes,ファインマンのヒューズ講義：950ページのノート
_posts/2025-12-29-flame-graphs-vs-tree-maps-vs-sunburst-2017.md,Flame Graphs vs. Tree Maps vs. Sunburst (2017),フレームグラフ vs ツリーマップ vs サンバースト (2017)
_posts/2025-12-29-garbage-collection-in-rust-got-a-little-better.md,Garbage collection in Rust got a little better,Rustのガベージコレクションが少し改善された
_posts/2025-12-29-gen-zers-and-millennials-flock-to-so-called-analog.md,Gen Zers and millennials flock to so-called analog islands 'because so little,Z世代とミレニアル世代がいわゆる「アナログの島」に集まる理由
_posts/2025-12-29-german-hackers-call-for-digital-independence-days.md,German hackers call for ‘digital independence days’ to reduce US tech grip,ドイツのハッカー、米国の技術支配を弱めるための「デジタル独立記念日」を提唱
_posts/2025-12-29-get-started-with-me-kestraio.md,Get started with me & Kestra.io,私と一緒にKestra.ioを始めましょう
_posts/2025-12-29-gits-http-server-side-design-does-not-scale.md,Git's HTTP server side design does not scale,GitのHTTPサーバー側の設計はスケールしない
_posts/2025-12-29-gog-is-getting-acquired-by-its-original-co-founder.md,GOG is getting acquired by its original co-founder: What it means for you,GOGが元の共同創設者によって買収される：それがあなたにとって何を意味するか
_posts/2025-12-29-golfing-is-not-rowing.md,Golfing Is Not Rowing,ゴルフはボート漕ぎではない
_posts/2025-12-29-google-is-dead-where-do-we-go-now.md,Google is dead. Where do we go now?,Googleは死んだ。私たちは今どこへ向かうべきか？
_posts/2025-12-29-high-performance-c-hash-table-using-grouped-simd-m.md,High-performance C++ hash table using grouped SIMD metadata scanning,グループ化されたSIMDメタデータスキャンを使用した高性能C++ハッシュテーブル
_posts/2025-12-29-how-nx-pulled-the-rug-on-us-a-potential-solution-a.md,"How Nx \""pulled the rug\"" on us, a potential solution and lessons learned",Nxがいかにして私たちを裏切ったか、潜在的な解決策と教訓
_posts/2025-12-29-how-was-your-2025.md,How was your 2025?,あなたの2025年はどうでしたか？
_posts/2025-12-29-how-willie-nelson-sees-america.md,How Willie Nelson Sees America,ウィリー・ネルソンが見るアメリカ
_posts/2025-12-29-i-asked-ai-researchers-and-economists-about-swe-ca.md,I asked AI researchers and economists about SWE career strategies given AI,AIを前提としたSWEのキャリア戦略について、AI研究者と経済学者に聞いてみた
_posts/2025-12-29-innodb-buffer-pool-lru-implementation-how-mysql-op.md,InnoDB Buffer Pool LRU Implementation: How MySQL Optimizes Memory Management,InnoDBバッファプールのLRU実装：MySQLがいかにメモリ管理を最適化するか
_posts/2025-12-29-kidnapped-by-deutsche-bahn.md,Kidnapped by Deutsche Bahn,ドイツ鉄道に誘拐されて
_posts/2025-12-29-koine.md,Koine,コイネー
_posts/2025-12-29-kubernetes-egress-control-with-squid-proxy.md,Kubernetes egress control with squid proxy,SquidプロキシによるKubernetesのエグレス制御
_posts/2025-12-29-left-behind-futurist-fetishists-prepping-and-the-a.md,"Left Behind: Futurist Fetishists, Prepping and the Abandonment of Earth",置き去りにされて：未来派フェティシスト、プレッピング、そして地球の放棄
_posts/2025-12-29-lets-make-a-game-368-team-names.md,Let's make a game! 368: Team names,ゲームを作ろう！ 368：チーム名
_posts/2025-12-29-libgodc-write-go-programs-for-sega-dreamcast.md,Libgodc: Write Go Programs for Sega Dreamcast,Libgodc：セガ・ドリームキャスト用のGoプログラムを書く
_posts/2025-12-29-linux-daw-help-linux-musicians-to-quickly-and-easi.md,Linux DAW: Help Linux musicians to quickly and easily find the tools they need,Linux DAW：Linuxミュージシャンが必要なツールを素早く簡単に見つけられるように支援
_posts/2025-12-29-list-of-domains-censored-by-german-isps.md,List of domains censored by German ISPs,ドイツのISPによって検閲されているドメインのリスト
_posts/2025-12-29-llms-are-not-fun.md,LLMs Are Not Fun,LLMは楽しくない
_posts/2025-12-29-louis-gerstner-the-man-who-saved-ibm-dies-at-83.md,"Louis Gerstner, the man who saved IBM, dies at 83",IBMを救った男、ルイス・ガースナー氏が83歳で死去
_posts/2025-12-29-manusai-joins-meta.md,ManusAI Joins Meta,ManusAIがMetaに参画
_posts/2025-12-29-measuring-out-of-sync-clocks-on-the-internet.md,Measuring out-of-sync clocks on the Internet,インターネット上の同期のずれた時計を測定する
_posts/2025-12-29-metas-ads-tools-started-switching-out-top-performi.md,Meta's ads tools started switching out top-performing ads with AI-generated ones,Metaの広告ツールが、パフォーマンスの高い広告をAI生成のものに置き換え始めた
_posts/2025-12-29-mit-battlecode-programming-competition-starts-in-1.md,MIT Battlecode (programming competition) starts in 1 week!,MIT Battlecode（プログラミング競技）が1週間後に開始！
_posts/2025-12-29-mit-scientists-strip-cancer-of-its-sugar-shield.md,MIT scientists strip cancer of its sugar shield,MITの科学者、癌から「糖の盾」を剥ぎ取る
_posts/2025-12-29-more-than-20-of-youtubes-feed-is-now-ai-slop-repor.md,"More than 20% of YouTube's feed is now \""AI slop,\"" report finds",YouTubeフィードの20%以上が現在「AIスロップ」であるとの報告
_posts/2025-12-29-mrbeasts-former-manager-reed-duchscher-says-the-ag.md,"MrBeast's former manager Reed Duchscher, says the age of social-media superstars is fading: \""As social-media algorithms get better at tailoring content to individual user interests, the opportunity for stars to show up across feeds becomes much harder,\"" Duchscher said.",MrBeastの元マネージャー、リード・ダッシャー氏、ソーシャルメディア・スーパースターの時代は終わりつつあると語る
_posts/2025-12-29-my-first-meshtastic-network.md,My First Meshtastic Network,私の最初のMeshtasticネットワーク
_posts/2025-12-29-npm-needs-an-analog-to-pnpms-minimumreleaseage-and.md,npm needs an analog to pnpm's minimumReleaseAge and yarn's npmMinimalAgeGate,npmにはpnpmのminimumReleaseAgeやyarnのnpmMinimalAgeGateに相当するものが必要だ
_posts/2025-12-29-on-insight-debt.md,On insight debt,「インサイト負債」について
_posts/2025-12-29-one-incident-onion-tech-debt-and-layoffs-postmorte.md,"One incident, onion tech debt and layoffs - postmortem to gauge metric problem",一つのインシデント、玉ねぎのような技術的負債、そしてレイオフ - 指標の問題を測定するためのポストモーテム
_posts/2025-12-29-quickly-restoring-1m-files-from-backup.md,Quickly restoring 1M+ files from backup,バックアップから100万以上のファイルを素早く復元する
_posts/2025-12-29-sauron-the-high-end-home-security-startup-for-supe.md,"Sauron, the high-end home security startup for “super premium” customers, plucks a new CEO out of Sonos",超高級顧客向けのハイエンド・ホームセキュリティ・スタートアップSauron、Sonosから新CEOを抜擢
_posts/2025-12-29-show-hn-aroma-every-tcp-proxy-is-detectable-with-r.md,Show HN: Aroma: Every TCP Proxy Is Detectable with RTT Fingerprinting,Show HN: Aroma：すべてのTCPプロキシはRTTフィンガープリンティングで検出可能
_posts/2025-12-29-show-hn-my-app-just-won-best-ios-japanese-learning.md,Show HN: My app just won best iOS Japanese learning tool of 2025 award,Show HN: 私のアプリが2025年のベストiOS日本語学習ツール賞を受賞しました
_posts/2025-12-29-show-hn-my-not-for-profit-search-engine-with-no-ad.md,"Show HN: My not-for-profit search engine with no ads, no AI, & all DDG bangs",Show HN: 広告なし、AIなし、DDG bangs対応の非営利検索エンジン
_posts/2025-12-29-show-hn-see-what-readers-who-loved-your-favorite-b.md,Show HN: See what readers who loved your favorite book/author also loved to read,Show HN: お気に入りの本や著者を愛する読者が他に何を読んでいるかを見る
_posts/2025-12-29-show-hn-stop-claude-code-from-forgetting-everythin.md,Show HN: Stop Claude Code from forgetting everything,Show HN: Claude Codeがすべてを忘れてしまうのを防ぐ
_posts/2025-12-29-show-hn-superset-terminal-to-run-10-parallel-codin.md,Show HN: Superset – Terminal to run 10 parallel coding agents,Show HN: Superset – 10個のコーディングエージェントを並列実行するターミナル
_posts/2025-12-29-show-hn-vibe-coding-a-bookshelf-with-claude-code.md,Show HN: Vibe coding a bookshelf with Claude Code,Show HN: Claude Codeで本棚を「バイブス・コーディング」する
_posts/2025-12-29-show-hn-z80-lm-a-conversational-ai-that-fits-in-40.md,"Show HN: Z80-μLM, a 'Conversational AI' That Fits in 40KB",Show HN: Z80-μLM、40KBに収まる「対話型AI」
_posts/2025-12-29-slaughtering-competition-problems-with-quantifier.md,Slaughtering Competition Problems with Quantifier Elimination,限定記号消去法で競技問題を圧倒する
_posts/2025-12-29-solid-state-ev-battery-maker-to-go-public-after-su.md,"Solid-state EV battery maker to go public after successful 745-mile test in $1,100,000,000 deal",全固体EVバッテリーメーカー、745マイルのテスト成功後、11億ドルの取引で上場へ
_posts/2025-12-29-static-allocation-with-zig.md,Static Allocation with Zig,Zigによる静的割り当て
_posts/2025-12-29-staying-ahead-of-censors-in-2025.md,Staying ahead of censors in 2025,2025年に検閲の先を行く
_posts/2025-12-29-stepping-down-as-maintainer-after-10-years.md,Stepping down as maintainer after 10 years,10年務めたメンテナを退任
_posts/2025-12-29-teslas-4680-battery-supply-chain-collapses-as-part.md,Tesla's 4680 battery supply chain collapses as partner writes down deal by 99%,テスラの4680バッテリー・サプライチェーンが崩壊、パートナーが取引を99%減損
_posts/2025-12-29-teslas-austin-robotaxi-fleet-is-only-34-cars-jalop.md,Tesla's Austin Robotaxi Fleet Is Only 34 Cars - Jalopnik,テスラのオースティン・ロボタクシー艦隊はわずか34台 - Jalopnik
_posts/2025-12-29-the-future-of-software-development-is-software-dev.md,The future of software development is software developers,ソフトウェア開発の未来はソフトウェア開発者である
_posts/2025-12-29-the-mythical-man-month-at-50.md,The Mythical Man-Month at 50,『人月の神話』50周年
_posts/2025-12-29-the-rise-and-fall-of-robotstxt.md,The rise and fall of robots.txt,robots.txtの興亡
_posts/2025-12-29-the-second-great-error-model-convergence.md,The Second Great Error Model Convergence,第二の偉大なるエラーモデルの収束
_posts/2025-12-29-the-silicon-valley-stack-doesnt-work-here-why-afri.md,The Silicon Valley Stack Doesn’t Work Here: Why Africa Will Lead the Post-Bloat Web,シリコンバレーのスタックはここでは通用しない：なぜアフリカが「脱・肥大化」ウェブをリードするのか
_posts/2025-12-29-they-graduated-from-stanford-due-to-ai-they-cant-f.md,"They graduated from Stanford. Due to AI, they can’t find a job",彼らはスタンフォードを卒業した。AIのせいで仕事が見つからない
_posts/2025-12-29-this-will-be-a-stressful-job-sam-altman-offers-555.md,‘This will be a stressful job’: Sam Altman offers $555k salary to fill most daunting role in AI,「これはストレスの溜まる仕事になるだろう」：サム・アルトマン、AIで最も困難な役割に55万5千ドルの給与を提示
_posts/2025-12-29-uk-accounting-body-to-halt-remote-exams-amid-ai-ch.md,UK accounting body to halt remote exams amid AI cheating,英国の会計団体、AIによる不正行為を受けてリモート試験を停止
_posts/2025-12-29-usps-announces-changes-to-the-postmark-date-system.md,USPS Announces Changes to the Postmark Date System,米国郵便公社（USPS）、消印日付システムの変更を発表
_posts/2025-12-29-what-are-you-doing-this-week.md,What are you doing this week?,今週は何をしますか？
_posts/2025-12-29-what-does-the-software-engineering-job-market-look.md,What does the software engineering job market look like heading into 2026?,2026年に向けてソフトウェアエンジニアリングの求人市場はどうなるか？
_posts/2025-12-29-what-happens-when-you-convert-a-nan-to-uint-in-gol.md,What Happens when you convert a NAN to uint in Golang,GolangでNaNをuintに変換すると何が起こるか
_posts/2025-12-29-what-makes-goose-different-from-other-ai-coding-ag.md,What Makes Goose Different From Other AI Coding AgentsAI,Gooseが他のAIコーディングエージェントと何が違うのか
_posts/2025-12-29-when-someone-says-they-hate-your-product-with-a-bu.md,When someone says they hate your product with a burning passion,誰かがあなたの製品を激しく嫌っていると言ったとき
_posts/2025-12-29-which-humans.md,Which Humans?,どの人間か？
_posts/2025-12-29-why-are-we-worried-about-memory-access-semantics-f.md,Why are we worried about memory access semantics? Full barriers should be enough for anybody,なぜメモリアクセス・セマンティクスを心配するのか？フルバリアがあれば十分なはずだ
_posts/2025-12-29-why-i-think-valves-retiring-the-steam-deck-lcd.md,Why I Think Valve's Retiring the Steam Deck LCD,なぜValveがSteam Deck LCDを引退させると私が思うのか
_posts/2025-12-29-why-the-internet-is-bad-for-democracy-2005.md,Why the Internet Is Bad for Democracy (2005),なぜインターネットは民主主義に悪いのか (2005)
_posts/2025-12-29-worn-down-by-worry-parents-look-longingly-at-austr.md,"Worn Down by Worry, Parents Look Longingly at Australia’s Social Media Ban",不安に疲れ果てた親たちが、オーストラリアのソーシャルメディア禁止を羨望の眼差しで見る
_posts/2025-12-29-you-can-make-up-html-tags.md,You can make up HTML tags,HTMLタグは自分で作ることができる
